corpus,category
"On Census Citizenship Question, Supreme Court’s Conservatives Appear United. A naturalization ceremony last summer at the John F. Kennedy Presidential Library in Boston.Adding the question, government experts said, could depress participation in the census and affect how congressional seats are allocated.",Politics
Stephen Moore’s Columns Deriding Women Raise New Questions for Trump Fed Pick. Stephen Moore of The Heritage Foundation is a likely nominee by President Trump for the Federal Reserve Board.Mr. Moore’s past columns and appearances contain potential roadblocks to confirmation — including a history of writing about women in unflattering terms.,Politics
Pelosi Urges Caution on Impeachment as Some Democrats Push to Begin. Speaker Nancy Pelosi said in a letter to colleagues that it was clear Mr. Trump had “engaged in highly unethical and unscrupulous behavior which does not bring honor to the office he holds.”A letter and a conference call by Speaker Nancy Pelosi appeared intended to shore up support for the investigations already begun rather than impeachment proceedings.,Politics
"As McGahn Emerges as Chief Witness in the Mueller Report, Trump and Allies Ramp Up Attacks. President Trump’s personal lawyers are attacking the credibility of Donald F. McGahn II, the former White House counsel and a chief witness in the Russia investigation, in an effort to undermine the special counsel’s report.The president’s lawyers have attacked the former White House counsel since Robert Mueller released his report on whether the president obstructed justice.",Politics
"Trump Will Not Release Tax Returns to Congress, Spokesman Says. President Trump will not comply with a Tuesday deadline set by House Democrats to release his tax returns to Congress, according to the White House.A spokesman for the president signaled a deadline set by House Democrats to release six years’ worth of returns would not be met.",Politics
"M.J. Hegar, Veteran Armed With Viral Ads, Is Running for Senate in Texas. M.J. Hegar, left, at a campaign event in Georgetown, Texas, in September.A former Air Force helicopter pilot who narrowly lost a bid for the House in November will challenge Senator John Cornyn, a Republican, in 2020.",Politics
"The Big Money Challenge Awaiting Joe Biden in the 2020 Race. Joseph R. Biden Jr. does not have an at-the-ready list of grass-roots contributors to ply for small donations.Mr. Biden, ahead in the polls but behind financially, is seeking out top money bundlers, but that risks a backlash among grass-roots Democrats.",Politics
"Trump’s State Visit to Britain, Long Delayed, Now Has a Date. Queen Elizabeth II greeted President Trump at Windsor Castle, England, in July.Queen Elizabeth II formally invited the American leader to a three-day visit in June, when events for the 75th anniversary of D-Day will be held.",Politics
"Political Memo: Joe Biden Looms, but Bernie Sanders Is Running His Own Race. Senator Bernie Sanders of Vermont spoke at a rally in Pittsburgh last week. He is running his own race, even as former Vice President Joseph Biden looms as a rival.The Vermont senator has been the front-runner in early campaigning, but Mr. Biden’s expected entry could change that. Mr. Sanders is not likely to care.",Politics
Democrats Court a New Voting Bloc: People Who Don’t Own Homes. Elizabeth Warren campaigning in Las Vegas. She has said the housing crisis won’t be solved by “nibbling at the edges.”Renters have finally gotten Washington’s attention. Can anyone running for president help them?,Politics
On Politics: Pelosi Cautions on Impeachment. Speaker Nancy Pelosi said to colleagues that it was clear President Trump had engaged in behavior “which does not bring honor to the office he holds.”,Politics
"Kamala Harris Proposes Executive Orders on Gun Control. Senator Kamala Harris of California speaking in Atlanta last month. On Monday she named several actions on gun control that she would take if elected president.Ms. Harris pledged to implement measures that have long failed to pass in Congress, including mandatory background checks and regulations on manufacturers.",Politics
"Highlights From 5 Candidates at CNN Town Halls. From left, Amy Klobuchar, Bernie Sanders, Kamala Harris, Pete Buttigieg and Elizabeth Warren participated in a set of town halls hosted by CNN on Monday night.Bernie Sanders backed voting rights for people now in jail, including the Boston Marathon bomber, while Pete Buttigieg disagreed and Kamala Harris said, “I think we should have that conversation.”",Politics
"At a White House Tradition, Politics Color Everything but the Easter Eggs. President Trump and Melania Trump, the first lady, led several rounds of the annual White House Egg Roll.The Easter Egg Roll bore the hallmarks of holidays under President Trump, including not just the usual festivities but also exchanges about decapitation, impeachment and the wall.",Politics
"Trump Speaks About Sri Lanka and Impeachment at Easter Egg Roll. President Trump spoke to reporters about the Sri Lanka attacks and the possibility of impeachment, while hundreds of children celebrated the holiday at the White House Easter Egg Roll.",Politics
On Politics With Lisa Lerer: Who’s the Jeb of the 2020 Race?. In the On Politics newsletter: Democrats hoping to avoid Jeb Bush’s 2016 fate are finding themselves in familiar political minefields.,Politics
"Democrats Seek Young Voters, and the Memes That Move Them. A young supporter of Senator Bernie Sanders at a rally in Warren, Mich., this month.Democratic 2020 hopefuls have taken note of the potential power of millennial and Generation Z voters. But effectively reaching them is the hard part.",Politics
"Social Security and Medicare Funds Face Insolvency, Report Finds. Medicare’s hospital insurance fund is expected to be depleted in 2026 — the same date that was projected a year ago.The social safety net programs are fraying as baby boomers age, the trustees of Social Security and Medicare said, but a political fix seems far away.",Politics
"Global Wealth Gap Would Be Smaller Today Without Climate Change, Study Finds. A market in Abuja, the Nigerian capital. Africa’s  most populous country, Nigeria would have been 29 percent richer without climate change, a new study has estimated.Most of the world’s poor countries are poorer than they would have been had greenhouse gas emissions not altered the climate. In some rich countries, it's the opposite.",Politics
"Joe Biden Plans to Close Foundation When He Enters 2020 Race. Former Vice President Joseph R. Biden Jr. and his wife Jill formed the Biden Foundation, a nonprofit group, after he left office.Seeking to avoid conflict-of-interest concerns, the former vice president plans to shutter the Biden Foundation after joining the presidential campaign.",Politics
"Julia Angwin Is Out as Editor of New Tech Watchdog Site The Markup. Julia Angwin, center, said she was being forced out by Sue Gardner, left, one of her co-founders. Jeff Larson, right, will replace Ms. Angwin as the site’s editor in chief.Ms. Angwin was one of three founders of The Markup, which is dedicated to investigating technology and its effects on society and plans to start publishing in July.",Business
"This Estonian Start-Up Has Become a Thorn in Uber’s Side. Based in Estonia, Bolt has become Uber’s most formidable challenger in Europe and Africa.The Estonian ride-hailing company Bolt is an unexpected success story. The start-up points to Uber’s global challenges.",Business
"After the Bust, Are Bitcoins More Like Tulip Mania or the Internet?. To understand where cryptocurrencies are going, it helps to look beneath the price gyrations to see how people are actually using the technology. The data provides reason for both hope and concern.",Business
"As Herman Cain Bows Out of Fed Contention, Focus Shifts to Stephen Moore. Stephen Moore, one of President Trump’s outside economic advisers, is being considered for a nomination to the Federal Reserve Board.Mr. Cain withdrew in the face of allegations of sexual harassment, even as Mr. Moore, the president’s other embattled pick, faced allegations of sexism.",Business
"A Vicious, Untreatable Killer Leaves China Guessing. The Wangaofa Animal Husbandry Development Company had to cull thousands of pigs this year after an outbreak of African swine fever. The facility now sits empty, its hallways splattered white with disinfecting lime.African swine fever, which harms pigs but not humans, has swept across the country, the world’s largest pork producer. And the government knows about only some of the cases.",Business
"Elon Musk Predicts Tesla Driverless Taxi Fleet Next Year. A Tesla delivery site in Norway. Tesla’s chief executive, Elon Musk, says the company is on the verge of making cars that can drive themselves safely on any road.Mr. Musk said Tesla cars would soon drive themselves and serve as robot taxis. But many experts think autonomous cars are at least several years away.",Business
Google Employees Say They Faced Retaliation After Organizing Walkout. A Google employee protest in November in San Francisco. Two workers who called for a walkout over Google’s treatment of sexual harassment said they had been demoted or told that their role would change.Two Google workers who called for an employee protest over the company’s treatment of sexual harassment said they were demoted or told their role would change.,Business
"Beyond Meat Details Plans for Initial Public Offering. Beyond Meat’s signature product, the burger patty, is made with pea protein and beet juice, which are supposed to give the burger the bloody look, texture and taste of beef.The company is hoping the success of its plant-based burger will lure investors to an I.P.O. that would value it at $1.2 billion.",Business
S&P 500 Flirts With Record High on Upbeat Earnings. The S&P 500 was within striking distance of its all-time high on Tuesday as better-than-expected results from Twitter and a host of industrial companies eased concerns about slowing corporate profits.,Business
"Japan Has a New Emperor. Now It Needs a Software Update.. A worker preparing a stamp at a factory in Chiba Prefecture.It isn’t exactly Y2K, but the country is scrambling to reconcile its systems with the ancient demands of an imperial calendar.",Business
Stephen Moore’s Columns Deriding Women Raise New Questions for Trump Fed Pick. Stephen Moore of The Heritage Foundation is a likely nominee by President Trump for the Federal Reserve Board.Mr. Moore’s past columns and appearances contain potential roadblocks to confirmation — including a history of writing about women in unflattering terms.,Business
"Gary Stewart, Master of the Reissue Compilation, Dies at 62. Mr. Stewart at his home in Santa Monica, Calif., in 1984. The president of Rhino Records called Mr. Stewart the company’s “architect and guiding spirit” and said that he “defined what it meant to be a catalog label.”Mr. Stewart’s knowledge of, and enthusiasm for, a range of musical genres helped make Rhino Records the gold standard for anthologies.",Business
in her words: Pretty Hurts (Women’s Careers). A new study finds that attractive businesswomen are considered less trustworthy and less truthful — what researchers called the “femme fatale effect.”,Business
"Square Feet: When Office Buildings Go Beyond Green. John Heagy III, a senior managing director for Hines, the developer of T3 West Midtown, an office building in Atlanta that was certified by WiredScore for its digital infrastructure.The crowded field of third-party certifications has left some wondering which are necessary and which are just marketing gimmicks.",Business
"DealBook Briefing: Herman Cain Says the Fed Can’t Afford Him. Herman CainThe business man no longer wants to join the Fed’s board, citing a pay cut that would make others tell their boss “where to go.”",Business
"United Airlines Employee Charged With Using Racial Slurs Toward Customer. After a United Airlines employee was charged with disorderly conduct for allegedly using racial slurs, the company said it had “zero tolerance for discrimination of any kind.”After originally being given a citation, the employee has since been charged in Texas with a misdemeanor.",Business
"Stop & Shop Strike Ends With Union Claiming Victory on Pay and Health Care. The union representing Stop & Shop workers said in a statement that the tentative deal reached on Sunday “preserves health care and retirement benefits, provides wage increases, and maintains time-and-a-half pay on Sunday for current members.”More than 30,000 cashiers, bakers and other supermarket workers had been on strike for 11 days across three states in New England.",Business
"More Benches, Special Goggles: Taking Steps to Assist Older Travelers. Samantha Flores, the director for experiential design for the architecture firm Corgan, wearing an age-simulation suit at Phoenix Sky Harbor International Airport.The number of people 60 and over is growing. So airports and hotels are beginning to look at design changes to help them.",Business
"Kraft Heinz Picks New C.E.O. as It Faces Weak Sales and S.E.C. Inquiry. Miguel Patricio will take the helm at Kraft Heinz after spending two decades at Anheuser-Busch, most recently as the brewer’s global chief marketing officer.The food giant said Miguel Patricio, an Anheuser-Busch InBev veteran, would succeed Bernardo Hees as chief executive, signaling a potential shift away from years of cost-cutting.",Business
"U.S. Moves to Stop All Nations From Buying Iranian Oil, but China Is Defiant. Secretary of State Mike Pompeo said the United States would no longer grant oil waivers to China and India, Iran’s two largest customers.Oil prices rose to their highest levels since October in anticipation of Monday’s announcement by Secretary of State Mike Pompeo. Trump administration officials had debated the move.",Business
"Tesla to Investigate Car That Appeared to Burst Into Flames in Shanghai. In January Tesla started construction on a huge new factory near Shanghai, its first plant outside the United States.The fire, involving a Tesla sedan in a parking garage, left no one injured, the fire department said. The automaker said it had dispatched a team “at once.”",Business
"DealBook Briefing: Tesla Wants You to Focus on Its Robo-Taxis (not Its Finances). Elon MuskThe electric-car maker plans to show off its latest self-driving vehicle technology, two days before it is expected to announce another quarterly loss.",Business
White Collar Watch: Elizabeth Warren Wants to Make It Easier to Prosecute Executives. Senator Elizabeth Warren of Massachusetts at a campaign stop in New Hampshire last month.The key question is whether the legislation she has proposed is the best means to police corporate leaders.,Business
"Like a Boss: Jonny Sun’s Work Diary: Correct Spellign Optoinal, Creativity Mandatory. The author-illustrator behind ‘everyone’s a aliebn when ur a aliebn too’ is writing for TV and film, plus pursuing a Ph.D. at M.I.T.",Business
"Japanese Prosecutors Bring New Charge Against Carlos Ghosn. Carlos Ghosn, the former Nissan chairman, leaving his lawyer’s office in Tokyo on April 3. He was arrested the next day, his fourth arrest so far.Mr. Ghosn, the former head of the Nissan-Renault auto alliance, was formally charged with breach of trust, adding a new count of financial impropriety onto his existing three charges.",Business
"The Giants at the Heart of the Opioid Crisis. The headquarters of McKesson Corporation, the drug distributing giant, in San Francisco.Civil suits filed by three states accuse pharmaceutical distributors of flooding the country with opioids while devising systems to evade regulators.",Business
"Zoom Video’s Stock Soared in Public Debut. So Did Zoom Technologies’.. The opening of trading in Zoom Video Communications last Thursday. Its shares soared more than 72 percent that day.Twitter, Tweeter. Nest, Nestor. Sometimes, shares in similarly named companies get caught up in the excitement of a deal or I.P.O.",Business
"Hospitals Stand to Lose Billions Under ‘Medicare for All’. Proponents held up signs as Senator Bernie Sanders introduced the Medicare for All bill in Washington this month.Private insurance pays hospitals much more than the federal government does for patient care. If Medicare for all means Medicare rates, expect an industry backlash.",Business
"Trump’s Washing Machine Tariffs Stung Consumers While Lifting Corporate Profits. Companies raised both washer and dryer prices last year, by 11.5 percent each, a new study says. Only washers were subject to President Trump's tariffs.New research shows how a move meant to aid domestic manufacturers instead padded profits and raised prices on a wide variety of laundry items.",Business
"Silicon Valley Came to Kansas Schools. That Started a Rebellion.. A yard sign in Wellington, Kan., where some parents and students have rebelled against a web-based education program from Summit Learning.Public schools in Kansas rolled out a web-based learning platform backed by Facebook’s Mark Zuckerberg. Now students have staged walkouts and sit-ins. Their parents have organized.",Business
"With Interest: The Week in Business: Pinterest Provides I.P.O. Inspiration and Tesla Shows Off Self-Driving Cars. Plus, The National Enquirer has a new owner and the country’s economy gets a checkup.",Business
"Claims of Shoddy Production Draw Scrutiny to a Second Boeing Jet. New 787 Dreamliners at the Boeing plant in North Charleston, S.C. When unveiled in 2007, the Dreamliner was Boeing’s most important new plane in a generation and an immediate hit with carriers.Workers at a 787 Dreamliner plant in South Carolina have complained of defective manufacturing, debris left on planes and pressure to not report violations.",Business
"He Stopped a Global Cyberattack. Now He’s Pleading Guilty to Writing Malware.. Marcus Hutchins, right, a British security researcher, at the Federal Courthouse in Milwaukee, Wisconsin, in 2017. He was arrested at the airport in Las Vegas earlier that year.Marcus Hutchins, a British security researcher credited with halting a huge outbreak of ransom software in 2017, accepted United States charges over previous activity.",Business
"India Elections 2019: Farmers Are Hurting and Millions Are Voting. An onion market in Lasalgaon, near Nashik, India.The ruling B.J.P. party has not yet delivered the “good days” it promised to farm voters, who make up half of the electorate. In debt and despair, some wonder if anyone can.",Business
"How Luxury Developers Use a Loophole to Build Soaring Towers for the Ultrarich in N.Y.. About one-fourth of the 88 floors at 432 Park Avenue, one of the world’s tallest residential buildings, have no homes. Instead, they are reserved for structural and mechanical equipment.The spread of these buildings overlooking Central Park is provoking a backlash amid a broader debate about affordable housing, extravagant projects and the city’s identity.",Business
"Tesla to Shrink Board of Directors by Four People. The move, which will reduce the number of directors to seven, is meant to improve corporate governance of the electric car company.",Business
Ancestry.com Apologizes for Ad Showing Slavery-Era Interracial Couple. The genealogy company said it had pulled a video ad that depicted an interracial couple fleeing the antebellum South.,Business
"Wealth Matters: 4 Tax Strategies That Could Make a Divorce Settlement Easier. Alvina Lo, chief wealth strategist at Wilmington Trust, said the overhaul of the tax code meant couples going through a divorce should re-examine their tax strategy. “It’s not only one thing that changed in tax reform,” she said. “You really need to factor in everything.”Divorce negotiations are never easy, and they became more complicated this year, thanks to the tax overhaul. Here are four tips for taxpayers to consider.",Business
"Before Fisher-Price’s Rock ’n Play Recall, Safety Fears and Dubious Marketing. Fisher-Price issued a recall for its Rock ’n Play sleeper this month after it was linked to multiple infant deaths.The company knew for years about potential risks linked to its popular sleeper and about pediatricians’ objections to the way the product was being pitched to parents.",Business
"Betting on the Royal Baby. Commemorative items available for purchase by fans of the baby expected by Prince Harry and his wife, Meghan Markle, include mugs; a teabag coaster, center; and a tin of baby biscuits.In Britain’s celebrity pregnancy economy, Meghan Markle’s unborn child is inspiring wagers, luxury cookie tins and diamond-encrusted jars of diaper rash cream.",Business
"Strategies: ‘Medicare for All’ Is Hammering Health Care Stocks. For Now.. Senator Bernie Sanders at a Fox News Town Hall on April 15. Mr. Sanders has been a prominent supporter of a “Medicare for All” health insurance program.The popularity of proposals for a government-run, single-payer system among Democratic presidential candidates has hurt health care stocks, despite their strong earnings.",Business
"Half of England Is Owned by Less Than 1% of Its Population, Researcher Says. Farm workers in the fields near Boston, Lincolnshire, England.A new book identifies aristocrats, investors and companies that own vast portions of the country, amid growing complaints about land scarcity and economic inequality.",Business
"Commuting While Pregnant: A Long Ride Could Be a Risky One. Traveling 50 or more miles to and from work may negatively affect unborn babies, a new study suggests.",Business
"Your Money Adviser: Before Deciding on a College, Look Closely at the Financial Aid Letter. Schools are not required to use the same terminology in their offers. And an “award” could mean a grant — or a loan. “Celebrate,” one expert says. “Then, decide.”",Business
"Are You a Very English Butler? The U.K. Government Needs You. Grant Harrold was once a butler to Prince Charles. “The reality of a modern-day butler is that it is evolving into this hospitality role,” he said.The Foreign Office has advertised for two butlers responsible for delivering “V.I.P. hospitality” and managing a wine cellar. Maximum annual salary: £30,000.",Business
"DealBook: Socialist! Capitalist! Economic Systems as Weapons in a War of Words. It wouldn’t be surprising if a proposal in Joseph Stiglitz's new book became the economic platform for a presidential candidate.The economist Joseph Stiglitz discusses Bernie Sanders, social policy and how we define ourselves — and one another.",Business
"Merger Talks of Deutsche Bank and Commerzbank Roil Emotions. A merger of Deutsche Bank and Commerzbank would leave Germany with only one large publicly traded bank, compared with at least four a decade ago.A proposed deal is meeting resistance from labor, regulators and some shareholders. But there is also political momentum in Germany for a tie-up.",Business
Work Friend: The Wages of Being a Woman at Work. Let’s just say they’re a little low.,Business
"This Estonian Start-Up Has Become a Thorn in Uber’s Side. Based in Estonia, Bolt has become Uber’s most formidable challenger in Europe and Africa.The Estonian ride-hailing company Bolt is an unexpected success story. The start-up points to Uber’s global challenges.",Tech
"After the Bust, Are Bitcoins More Like Tulip Mania or the Internet?. To understand where cryptocurrencies are going, it helps to look beneath the price gyrations to see how people are actually using the technology. The data provides reason for both hope and concern.",Tech
Google Employees Say They Faced Retaliation After Organizing Walkout. A Google employee protest in November in San Francisco. Two workers who called for a walkout over Google’s treatment of sexual harassment said they had been demoted or told that their role would change.Two Google workers who called for an employee protest over the company’s treatment of sexual harassment said they were demoted or told their role would change.,Tech
"Samsung Postpones Rollout of Galaxy Fold. D.J. Koh, a senior executive at Samsung, announcing the new Galaxy Fold in February.The company, the world’s largest handset maker, said it would postpone the release of the foldable smartphone after reports that the device was malfunctioning.",Tech
"Japan Has a New Emperor. Now It Needs a Software Update.. A worker preparing a stamp at a factory in Chiba Prefecture.It isn’t exactly Y2K, but the country is scrambling to reconcile its systems with the ancient demands of an imperial calendar.",Tech
"Julia Angwin Is Out as Editor of New Tech Watchdog Site The Markup. Julia Angwin, center, said she was being forced out by Sue Gardner, left, one of her co-founders. Jeff Larson, right, will replace Ms. Angwin as the site’s editor in chief.Ms. Angwin was one of three founders of The Markup, which is dedicated to investigating technology and its effects on society and plans to start publishing in July.",Tech
"Elon Musk Predicts Tesla Driverless Taxi Fleet Next Year. A Tesla delivery site in Norway. Tesla’s chief executive, Elon Musk, says the company is on the verge of making cars that can drive themselves safely on any road.Mr. Musk said Tesla cars would soon drive themselves and serve as robot taxis. But many experts think autonomous cars are at least several years away.",Tech
"Beyond Meat Details Plans for Initial Public Offering. Beyond Meat’s signature product, the burger patty, is made with pea protein and beet juice, which are supposed to give the burger the bloody look, texture and taste of beef.The company is hoping the success of its plant-based burger will lure investors to an I.P.O. that would value it at $1.2 billion.",Tech
"Tesla to Investigate Car That Appeared to Burst Into Flames in Shanghai. In January Tesla started construction on a huge new factory near Shanghai, its first plant outside the United States.The fire, involving a Tesla sedan in a parking garage, left no one injured, the fire department said. The automaker said it had dispatched a team “at once.”",Tech
It’s U.S. vs. World as Big Tech Faces Specter of Limiting Speech Online. Many other countries are adopting or considering stricter moderation of online speech. But they don’t have to work around the First Amendment.,Tech
"The Interpreter: Sri Lanka Blocks Social Media, Fearing More Violence. Sri Lankan soldiers secured the area around St. Anthony’s Shrine in Colombo after a blast on Sunday.Sri Lankan officials have a troubled relationship with social media. They have seen firsthand how quickly online hate can turn into deadly violence.",Tech
"Silicon Valley Came to Kansas Schools. That Started a Rebellion.. A yard sign in Wellington, Kan., where some parents and students have rebelled against a web-based education program from Summit Learning.Public schools in Kansas rolled out a web-based learning platform backed by Facebook’s Mark Zuckerberg. Now students have staged walkouts and sit-ins. Their parents have organized.",Tech
"He Stopped a Global Cyberattack. Now He’s Pleading Guilty to Writing Malware.. Marcus Hutchins, right, a British security researcher, at the Federal Courthouse in Milwaukee, Wisconsin, in 2017. He was arrested at the airport in Las Vegas earlier that year.Marcus Hutchins, a British security researcher credited with halting a huge outbreak of ransom software in 2017, accepted United States charges over previous activity.",Tech
"Bits: The Week in Tech: Do You Prefer Free Speech, or a Perfectly Clean Internet?. Qualcomm’s focus on 5G technology helped bring about an end to the chip maker’s battle with Apple.Automated policing of content will never be perfect, and that leaves us facing a big question about what we want the web to be like.",Tech
"After Social Media Bans, Militant Groups Found Ways to Remain. Hezbollah has been barred by the big social media companies. But the Islamist militant group has found a way to stay a step ahead online.Hezbollah and other groups classified as terrorist organizations by the United States have changed their social media strategies to stay on Facebook, YouTube and Twitter.",Tech
The Real Stars of the Internet. The rater has become the rated.,Tech
"Uber’s Self-Driving Cars Are Valued at $7.25 Billion by Investors. An autonomous Volvo being developed by Uber. SoftBank, Toyota and the Japanese automaker Denso will put $1 billion toward Uber’s efforts for autonomous cars.A billion-dollar investment is meant to prop up a money-losing unit before Uber makes its pitches ahead of a planned I.P.O.",Tech
"Tesla and Elon Musk Are Given Week to Reach Accord With S.E.C.. Elon Musk, Tesla’s chief executive, arriving at a federal courthouse in New York for a hearing this month. The Securities and Exchange Commission sought a contempt citation, saying he had violated a settlement over his disclosure of financial information.The adversaries told a judge they were working to resolve a dispute over Mr. Musk’s statements on financial prospects. Regulators had sought a contempt citation.",Tech
"Amazon Gives Up on Chinese Domestic Shopping Business. Jeff Bezos, the Amazon chief executive. Amazon shoppers in China will now be able to buy only certain imported products.The company had long struggled to gain traction in China despite operating there for more than a decade.",Tech
"How to Declutter and Speed Up Your Phone. If your phone is feeling a little laggy, here are some tips to clear out old apps and other things that may be slowing it down.",Tech
"Samsung’s Review Phones Fail, Delivering a P.R. Nightmare. A model holding a Samsung Galaxy Fold smartphone at a preview event in London on Tuesday.The company said some of the problems described in reviews of its nearly $2,000 Galaxy Fold phone might be due to the removal of a protective film from the display.",Tech
Here’s Soylent’s New Product. It’s Food.. The three varietals of Soylent Squared.The Silicon Valley food-drink of choice is now a ‘complete nutrition platform.’ The beverage plot thickens.,Tech
"I.P.O. Day for Pinterest and Zoom Ends With Shares Sharply Higher. Pinterest’s initial public offering on Thursday was a sign that investor demand for highly anticipated “unicorn” companies remains healthy.Coming into these I.P.O.s, there were many questions about whether investors were willing to swallow the risk of the latest crop of tech companies.",Tech
"Pinterest Prices I.P.O. at $19 a Share, for a $12.7 Billion Valuation. The shares will begin trading Thursday on the New York Stock Exchange under the ticker symbol PINS.",Tech
"Foxconn’s Deal With Wisconsin Should Be Revised, Gov. Tony Evers Says. “The present contract deals with a situation that no longer exists,” Gov. Tony Evers of Wisconsin said on Wednesday.Governor Evers, citing an “unreal expectation” of job creation, wants a new agreement with the Taiwanese electronic giant to build a $10 billion plant.",Tech
"Tech We’re Using: The Must-Have When Reporting on Disasters: A Satellite Phone. Thomas Fuller's reliance on a satellite phone in Southeast Asia continued when he became chief of The New York Times's San Francisco bureau and reported on wildfires.Thomas Fuller, San Francisco bureau chief, knows you cannot rely on cell networks during earthquakes, wildfires and other breaking news catastrophes.",Tech
Tech Fix: Uber vs. Lyft: Which Ride-Hailing App Is Better?. Here’s a comprehensive comparison of the two services to help you choose your go-to app for hitching rides.,Tech
"The Man Who Made Your iPhone Wants to Run Taiwan. A Sea Goddess Backs Him, He Says.. Mr. Gou said he would seek the nomination of Taiwan’s opposition Kuomintang party on Wednesday.The entrance into the presidential race by the billionaire Terry Gou shakes up Taiwan’s political playing field and draws into sharp focus its strained relations with China.",Tech
"As Netflix Contends With More Rivals, Hulu Stands Out. Reed Hastings, Netflix’s founder and chief executive, in Barcelona, Spain.With 148 million subscribers and a value of $157 billion, Netflix is the leader in streaming. But Hulu, now controlled by Disney, has something Netflix doesn’t: ads. And they are worth a lot.",Tech
"Apple and Qualcomm Settle All Disputes Worldwide. Just as a trial had begun in a federal courtroom in San Diego over a suit Apple had filed against Qualcomm, the two companies said they had essentially made up.Apple and Qualcomm said they had agreed to dismiss all litigation between them worldwide.",Tech
"in her words: #WhatsMyName Stresses Safety for Uber Riders. A South Carolina student was murdered after getting into a car she mistook for her Uber, underscoring the safety risks of ride-hailing apps.",Tech
"These Otters Are Popular Pets in Asia. That May Be Their Undoing.. Customers play with small-clawed otters in a booth at a cafe in Tokyo. More than a dozen animal cafes in the city now feature otters, the latest in exotic pets.Asian small-clawed otters are increasingly popular as novelty pets, particularly in Japan. Now international trade in the species may be banned.",Science
"Wary of Chinese Espionage, Houston Cancer Center Chose to Fire 3 Scientists. The MD Anderson Cancer Center said it decided to fire three scientists who, among other allegations, failed to disclose international collaborators. Two of them resigned.The director of the National Institutes of Health said that 55 similar investigations into possible foreign exploitation of American research are happening nationwide.",Science
"Global Wealth Gap Would Be Smaller Today Without Climate Change, Study Finds. A market in Abuja, the Nigerian capital. Africa’s  most populous country, Nigeria would have been 29 percent richer without climate change, a new study has estimated.Most of the world’s poor countries are poorer than they would have been had greenhouse gas emissions not altered the climate. In some rich countries, it's the opposite.",Science
"Unbuttoned: Hello, Little Microbe. Doesn’t This Jacket Look Yummy?. Now we can trick tiny bugs into eating our clothing. Consumption is finally a good thing.",Science
"David Thouless, 84, Dies; Nobel Laureate Cast Light on Matter. Dr. Thouless after receiving his Nobel Prize from King Carl XVI Gustaf of Sweden, right, in December 2016 in Stockholm. He shared it with two other physicists for work that was described as “transformational” in the study of matter.Using math to explain strange states of matter, like superconductivity, he had a “transformational” impact on physics, with real-world applications.",Science
"A Leading Cause for Wrongful Convictions: Experts Overstating Forensic Results. In 1987, a forensic expert testified that there was a less than one in 10,000 chance that these hairs came from the same person. The problem? Those odds were plucked from thin air.These three men spent decades in prison as a result of statistical exaggerations. They were among 150 men and women released from prison after their wrongful convictions were overturned in 2018.",Science
Q&A: Sea Sponges: Nature’s Disinfectants. The creatures host a number of chemicals that fight off bacteria and fungi.,Science
"The Lyrids Meteor Shower Will Peak in Night Skies. A shooting star from the Lyrid meteor shower in 2013.It can light up night skies from dusk to dawn, and if you’re lucky you might be able to see it.",Science
"‘I Want What My Male Colleague Has, and That Will Cost a Few Million Dollars’. Beverly Emerson, Ph.D., who worked at the Salk Institute from 1986 to 2017.Women at the Salk Institute say they faced a culture of marginalization and hostility. The numbers from other elite scientific institutions suggest they’re not alone.",Science
"The Giants at the Heart of the Opioid Crisis. The headquarters of McKesson Corporation, the drug distributing giant, in San Francisco.Civil suits filed by three states accuse pharmaceutical distributors of flooding the country with opioids while devising systems to evade regulators.",Science
"Hospitals Stand to Lose Billions Under ‘Medicare for All’. Proponents held up signs as Senator Bernie Sanders introduced the Medicare for All bill in Washington this month.Private insurance pays hospitals much more than the federal government does for patient care. If Medicare for all means Medicare rates, expect an industry backlash.",Science
"Trilobites: Watch a Flower That Seems to Remember When Pollinators Will Come Calling. A Nasa picta plant, from the family Loasaceae, which contains the subfamily Loasoideae.A colorful Peruvian plant dispenses its pollen according to a savvy, memory-based system, new research suggests.",Science
"Judge Delivers Major Setback to Trump Policy to Increase Coal Mining on Federal Land. Mining operations near Douglas, Wyo. A judge on Friday delivered a setback to a Trump policy to encourage coal mining on federal land.The Interior Department acted illegally when it sought to lift an Obama-era moratorium on coal mining on public lands, a court found.",Science
What They Left Behind: Legacies of the Recently Departed. Mr. Westcott was the only person authorized to carry a camera at the Oak Ridge facilities.Some gems from the life’s work of people remembered in obituaries in The New York Times.,Science
"Gene Wolfe, Acclaimed Science Fiction Writer, Dies at 87. The author Gene Wolfe in an undated photograph. His fellow science fiction writer Neil Gaiman called him “possibly the finest living American writer.”His four-book series “The Book of the New Sun” is considered one of the major works of the genre.",Science
"Senator McConnell, a Tobacco Ally, Supports Raising Age to Buy Cigarettes. Leading lawmakers are gathering support for legislation at the federal and state levels to curtail sales of tobacco and vaping products to young adults.Seeking re-election to a seventh term, the senator cited the rise in teenage vaping as a reason to curtail sales of tobacco and other products.",Science
"El Al Airline Warns of Measles After Flight Attendant Falls Into Coma. The woman was hospitalized after contracting the disease, and passengers on a flight from J.F.K. to Tel Aviv are told to watch for symptoms.",Science
"This Genetic Mutation Makes People Feel Full — All the Time. Mutations in the MC4R gene usually lead to obesity by preventing a sense of fullness. But one such mutation leaves people uninterested in eating, scientists report.Two new studies confirm that weight control is often the result of genetics, not willpower.",Science
"Critic’s Pick: Celestial Visions on the Met Roof. For the Met’s Roof Garden Commission, Alicja Kwade created “ParaPivot I” (right) and “ParaPivot II” (left).High above Manhattan, Alicja Kwade’s planetary sculpture captures the music of the spheres.",Science
"We Asked the 2020 Democrats About Climate Change (Yes, All of Them). Here Are Their Ideas.. Senator Kirsten Gillibrand spoke at a rally for the Green New Deal at the Capitol last month.The New York Times sent a climate policy survey to the 18 declared candidates. They all want to stick to the Paris Agreement. Beyond that, they diverge.",Science
"Rites of Passage: ‘Will You Stay With Me Until I Die?’. My patient had a simple, devastating request. To honor it meant grappling with how a therapist responds to her clients.",Science
"Ocean-Clogging Microplastics Also Pollute the Air, Study Finds. A marine biologist specializing in microplastics examined a water sample from the Mediterranean Sea. A new study suggests that the tiny particles also travel by air — and in extraordinary numbers.Microplastics are known to cause ocean pollution, but a new study suggests airborne plastic particles pollute the air and dry land as well.",Science
"He Listed a T. Rex Fossil on eBay for $2.95 Million. Scientists Weren’t Thrilled.. Baby Tyrannosaurus rex models at the American Museum of Natural History in New York.“I own this thing,” Alan Detrich recalled telling a museum director. “It is mine. I can do whatever I want.”",Science
"E.P.A. Moves to ‘Close the Door’ on Asbestos. Consumer Groups Say Loopholes Remain.. Workers spray a house in Detroit, Mich., during demolition to prevent asbestos from becoming airborne.The new rule will restrict uses of asbestos, a carcinogen, more than initially expected, but health advocates criticized it as falling short of the protections needed.",Science
"Dr. Richard Green, 82, Dies; Challenged Psychiatry’s View of Homosexuality. Dr. Richard Green in an undated photo. In 1972, he defied the advice of colleagues and wrote a paper in The International Journal of Psychiatry questioning “the premise that homosexuality is a disease or a homosexual is inferior.”At a time when being gay was classified as a mental disorder, Dr. Green defied the advice of his colleagues and took a professional risk by arguing otherwise.",Science
"Trilobites: Look What the Cat Dragged In: Parasites. Cats can contract parasites from insects, prey, soil or other animals and can spread them to humans, pets or wildlife.Researchers found that house cats that roam outdoors were more likely to pick up diseases than indoor cats.",Science
"‘Partly Alive’: Scientists Revive Cells in Brains From Dead Pigs. Neurons (green), astrocytes (red), and cell nuclei (blue) in the brains of pigs. On left, brain tissue left untreated for 10 hours after death; right, brain tissue subjected to the experiment.In a study that upends assumptions about brain death, researchers brought some cells back to life — or something like it.",Science
"TRENDING: Hotels and Resorts Ramp Up Sustainability Efforts. For an increasing number of properties, Earth Day is every day.",Science
"In India, a Renewed Fight Against Leprosy. The hands of Bodhe Annasuya, 45, who acquired leprosy when she was 12 years old. She lives in Balaji Nagar, a leprosy colony, with her husband and adopted son, in Hyderabad, India.Health workers thought they had vanquished the disease in 2005. But it lived on, cloaked in stigma and medical mystery.",Science
"Stanford Clears Professor of Helping With Gene-Edited Babies Experiment. Stephen Quake, a professor of biotechnology at Stanford University.Stephen Quake and two colleagues were found to have followed proper scientific protocol in their interactions with the Chinese researcher who did the work.",Science
"F.D.A. Halts U.S. Sales of Pelvic Mesh, Citing Safety Concerns for Women. Boston Scientific and Coloplast were the last two companies selling the medical devices, which have resulted in nearly $8 billion in settlements.",Science
"Employee Wellness Programs Yield Little Benefit, Study Shows. Researchers followed thousands of BJ’s Wholesale Club employees for a year to monitor the effects of wellness programs. Although many who enrolled in the programs reported exercising more often and eating more healthfully, the study did not find significant medical care savings.A rigorous new study calls into question whether workplace wellness programs can quickly save employers money on health care bills.",Science
"The Giants at the Heart of the Opioid Crisis. The headquarters of McKesson Corporation, the drug distributing giant, in San Francisco.Civil suits filed by three states accuse pharmaceutical distributors of flooding the country with opioids while devising systems to evade regulators.",Health
"A Vicious, Untreatable Killer Leaves China Guessing. The Wangaofa Animal Husbandry Development Company had to cull thousands of pigs this year after an outbreak of African swine fever. The facility now sits empty, its hallways splattered white with disinfecting lime.African swine fever, which harms pigs but not humans, has swept across the country, the world’s largest pork producer. And the government knows about only some of the cases.",Health
"Wary of Chinese Espionage, Houston Cancer Center Chose to Fire 3 Scientists. The MD Anderson Cancer Center said it decided to fire three scientists who, among other allegations, failed to disclose international collaborators. Two of them resigned.The director of the National Institutes of Health said that 55 similar investigations into possible foreign exploitation of American research are happening nationwide.",Health
Is Sex by Deception a Form of Rape?. Laws are seeking to elucidate the problem of “rape by fraud.”,Health
Personal Health: Should You Be Eating Eggs?. Do eggs raise your cholesterol? The advice keeps changing.,Health
"Hospitals Stand to Lose Billions Under ‘Medicare for All’. Proponents held up signs as Senator Bernie Sanders introduced the Medicare for All bill in Washington this month.Private insurance pays hospitals much more than the federal government does for patient care. If Medicare for all means Medicare rates, expect an industry backlash.",Health
Well : Why Does Exercise Guard Against Cancer? Inflammation May Play a Role. How exercise guards against colon cancer and other types of cancer remains a mystery.,Health
"This Genetic Mutation Makes People Feel Full — All the Time. Mutations in the MC4R gene usually lead to obesity by preventing a sense of fullness. But one such mutation leaves people uninterested in eating, scientists report.Two new studies confirm that weight control is often the result of genetics, not willpower.",Health
"In India, a Renewed Fight Against Leprosy. The hands of Bodhe Annasuya, 45, who acquired leprosy when she was 12 years old. She lives in Balaji Nagar, a leprosy colony, with her husband and adopted son, in Hyderabad, India.Health workers thought they had vanquished the disease in 2005. But it lived on, cloaked in stigma and medical mystery.",Health
"For First Time, Pharmaceutical Distributor Faces Federal Criminal Charges Over Opioid Crisis. Rochester Drug Cooperative, a major pharmaceutical distributor, and two of its former executives are facing federal criminal charges over its role in the opioid crisis.The charges against the wholesaler, Rochester Drug Cooperative, and two of its former executives marked a new tactic for prosecutors in tackling the epidemic of addiction to prescription painkillers.",Health
How Gay Are You?. A new film explores the many shades of human sexuality.,Health
"Skipping Breakfast May Increase Stroke and Heart Risks. Eating breakfast could be a simple way to promote cardiovascular health, one researcher says.",Health
"At War: The Military Wants Better Tests for PTSD. Speech Analysis Could Be the Answer.. Dr. Charles Marmar, one of the authors of the study, looking at veterans’ brain scans in 2013.Using computerized voice analysis, a new study found 18 features of speech that identify markers of PTSD in veterans.",Health
The New Health Care: What Can the U.S. Health System Learn From Singapore?. Tourists pass the glass dome of the Gardens by the Bay in Singapore.Americans argue over insurance while Singaporeans keep perfecting the delivery of care.,Health
"The Checkup: The Search for a Biomarker for Early Autism Diagnosis. Children with autism spectrum disorder took significantly longer to look away from a video when their names were called, a new study found.",Health
"Travel Tips: How to Protect Yourself From Air Pollution While Traveling. Poor air quality is a growing problem for travelers headed abroad. Here’s how to read up before you go, and protect yourself once you’re there.",Health
"Before Fisher-Price’s Rock ’n Play Recall, Safety Fears and Dubious Marketing. Fisher-Price issued a recall for its Rock ’n Play sleeper this month after it was linked to multiple infant deaths.The company knew for years about potential risks linked to its popular sleeper and about pediatricians’ objections to the way the product was being pitched to parents.",Health
"Strategies: ‘Medicare for All’ Is Hammering Health Care Stocks. For Now.. Senator Bernie Sanders at a Fox News Town Hall on April 15. Mr. Sanders has been a prominent supporter of a “Medicare for All” health insurance program.The popularity of proposals for a government-run, single-payer system among Democratic presidential candidates has hurt health care stocks, despite their strong earnings.",Health
"Ask Well: How Low Should Blood Pressure Go?. Symptoms, rather than numbers, may best define when blood pressure is too low.",Health
"Commuting While Pregnant: A Long Ride Could Be a Risky One. Traveling 50 or more miles to and from work may negatively affect unborn babies, a new study suggests.",Health
"Senator McConnell, a Tobacco Ally, Supports Raising Age to Buy Cigarettes. Leading lawmakers are gathering support for legislation at the federal and state levels to curtail sales of tobacco and vaping products to young adults.Seeking re-election to a seventh term, the senator cited the rise in teenage vaping as a reason to curtail sales of tobacco and other products.",Health
Here’s Soylent’s New Product. It’s Food.. The three varietals of Soylent Squared.The Silicon Valley food-drink of choice is now a ‘complete nutrition platform.’ The beverage plot thickens.,Health
"Living With Cancer: The Lifesaving Power in Stem Cells. Dr. Hal Broxmeyer at Indiana University with the containers used to ship cryopreserved cord blood for Matthew Farrow, the first cord blood transplant patient in 1988, and other early recipients of sibling cord blood transplants.Liars and thieves should not be allowed to detract from legitimate scientific research that has made umbilical cord blood mystic in its regenerative powers.",Health
"Prostate Drugs May Raise Diabetes Risk. Proscar and Avodart, prescribed for an enlarged prostate, were tied to an increased risk of Type 2 diabetes.",Health
The Right Way to Use a Public Bathroom (to Avoid Getting Sick). The odds of becoming ill from using a public bathroom are slim. But there are a few things you can do to minimize your risk even more. Here’s what to keep in mind.,Health
"Dr. Richard Green, 82, Dies; Challenged Psychiatry’s View of Homosexuality. Dr. Richard Green in an undated photo. In 1972, he defied the advice of colleagues and wrote a paper in The International Journal of Psychiatry questioning “the premise that homosexuality is a disease or a homosexual is inferior.”At a time when being gay was classified as a mental disorder, Dr. Green defied the advice of his colleagues and took a professional risk by arguing otherwise.",Health
"Deadly germs, lost cures: How a Chicago Woman Fell Victim to Candida Auris, a Drug-Resistant Fungus. Stephanie Spoor, center, with her husband, Gregory, left, during a bedside wedding ceremony of her son, Zack, to his new wife, Carley (right), at Northwestern Memorial Hospital in Chicago. Ms. Spoor died just a few days later.The mysterious infection has appeared at hospitals around the world, but few institutions or families have discussed their experience.",Health
"Trilobites: Look What the Cat Dragged In: Parasites. Cats can contract parasites from insects, prey, soil or other animals and can spread them to humans, pets or wildlife.Researchers found that house cats that roam outdoors were more likely to pick up diseases than indoor cats.",Health
"‘Partly Alive’: Scientists Revive Cells in Brains From Dead Pigs. Neurons (green), astrocytes (red), and cell nuclei (blue) in the brains of pigs. On left, brain tissue left untreated for 10 hours after death; right, brain tissue subjected to the experiment.In a study that upends assumptions about brain death, researchers brought some cells back to life — or something like it.",Health
"Stress Tied to Heart Disease, Especially in People Under 50. Someone with a stress disorder was 37 percent more likely to develop cardiovascular disease than those in the general population.",Health
"Generation Grandparent: Anna Quindlen’s ‘Life in the 60s’. A Bubbe and a Nana share the joys of grandparenting: “This is the closest we get to immortality, right?”",Health
"Phys Ed: 10 Years After an Exercise Study, Benefits Persist. The benefits of exercise may last longer than many of us might expect.",Health
"Stanford Clears Professor of Helping With Gene-Edited Babies Experiment. Stephen Quake, a professor of biotechnology at Stanford University.Stephen Quake and two colleagues were found to have followed proper scientific protocol in their interactions with the Chinese researcher who did the work.",Health
"F.D.A. Halts U.S. Sales of Pelvic Mesh, Citing Safety Concerns for Women. Boston Scientific and Coloplast were the last two companies selling the medical devices, which have resulted in nearly $8 billion in settlements.",Health
"Employee Wellness Programs Yield Little Benefit, Study Shows. Researchers followed thousands of BJ’s Wholesale Club employees for a year to monitor the effects of wellness programs. Although many who enrolled in the programs reported exercising more often and eating more healthfully, the study did not find significant medical care savings.A rigorous new study calls into question whether workplace wellness programs can quickly save employers money on health care bills.",Health
"Yankees 4, Angels 3, 14 innings: After Striking Out Four Times in One Inning, the Yankees Win. Gleyber Torres struck out in the 14th, but reached first on a dropped third strike and eventually scored the winning run.Clint Frazier sprained his ankle in the 12th inning, but remained in the 14-inning game.",Sports
"On College Basketball: Who’s on Trial in the College Basketball Scandal? Not the Big Names. Merl Code Jr., right, a former shoe company consultant, and Christian Dawkins, a would-be agent.Two low-level operators will stand trial for bribery this month, but prosecutors have yet to expose “the dark underbelly of college basketball” as promised.",Sports
"For Kenyan Runners, Winning Can Be a Road to Ruin. Scores of runners chase riches every day in Kenya's highlands. Shadrack Biwott, second from right, returned from his base in California to train ahead of the recent Boston Marathon. His brother Duncan Kibet is a former marathon record holder who has struggled to stay financially afloat.Success in a major long-distance race can lift a Kenyan runner out of poverty overnight. It can also bring plenty of pitfalls, as fame and wealth often do.",Sports
"On Pro Basketball: Trail Blazers Push the Thunder to the Brink. Damian Lillard and C.J. McCollum have led Portland to a 3-1 lead over Oklahoma City.Eager to atone for last season’s playoff failure, Portland has come together and found its rhythm and taken a 3-1 lead against Russell Westbrook and Oklahoma City.",Sports
"W.N.B.A. Games to Air on CBS Sports Network in New Deal. The Seattle Storm celebrate after winning the WNBA Finals last year. The league is struggling for exposure entering its 23rd season.The league recently unveiled a new logo and color scheme, and made clear that they reflected heightened ambitions. But growth in its TV audience has so far has been modest.",Sports
"Justin Gimelstob Pleads No Contest in Battery Case. Justin Gimelstob at Wimbledon in July, when he was coaching John Isner.Gimelstob, the tennis commentator, coach and ATP board member, was sentenced to three years’ probation and 60 days of community service after a felony charge was reduced to a misdemeanor.",Sports
"Yankees 7, Royals 6 | 10 innings: Aaron Judge Hits Injured List, but the Depleted Yankees Win Again. Yankees’ Austin Romine, right, is congratulated by teammates after hitting a walk-off single during the tenth inning on Sunday.Judge is the 13th Yankee on the club’s I.L. But the banged-up team got its fifth win in six games with an extra-inning victory over the Royals.",Sports
"On Pro Basketball: The Celtics Sweep the Pacers. Now Comes the Hard Part.. A rebirth of sorts by Gordon Hayward, center, was a key part in the Celtics looking fairly dominant against Indiana.With a strong performance against Indiana, Boston suddenly looks like the team many predicted would roll through the East. Can the Celtics sustain it against the Bucks?",Sports
"Nets’ G.M. Sean Marks Suspended for Entering the Referees’ Locker Room. General Manager Sean Marks is suspended for Game 5 of the first-round series against the Philadelphia 76ers after entering the referees’ locker room after Saturday’s game at Barclays Center.Marks was fined $25,000 and will be suspended without pay for Game 5 of the first-round series with the Philadelphia 76ers.",Sports
"Relevent Sports Sues U.S. Soccer, Escalating Fight Over Sanctioning. The Relevent Sports chairman Charlie Stillitano in 2017. Relevent sued U.S. Soccer over the sanctioning rights for a proposed Ecuadorean league match that the company wants to host in Miami.A proposed league match between Ecuadorean teams in Miami has become a proxy in a fight between Relevent and a U.S. Soccer partner, Soccer United Marketing.",Sports
"Michael Conforto Emerging as Homegrown Leader for Retooled Mets. Michael Conforto greeted the Mets rookie Pete Alonso after a solo home run during a win over the St. Louis Cardinals on Friday.Conforto has long had a majors-level game, but he is learning to be more vocal for a team with heightened expectations.",Sports
N.B.A. Roundup: N.B.A. Playoffs: Warriors and Raptors Roll to 3-1 Leads on Road. Kevin Durant slamming in 2 of his 33 points for the Warriors against the Clippers on Sunday.Kevin Durant had 33 points and Klay Thompson added 32 for Golden State against the Clippers. Kawhi Leonard scored 34 for Toronto versus the Magic.,Sports
"Carl Hagelin Made a Habit of Knocking Off the Capitals. Now He Is One of Them.. Carl Hagelin has been traded across three teams in one season.Hagelin, who has spent time on three teams this season, has been involved in eliminating Washington from the playoffs five times, three as a Ranger, two as a Penguin.",Sports
"‘Hockey in Heaven’. In a remote Himalayan town in northern India, a women’s ice hockey team comes together.",Sports
"On Everest, a Trail of Old and Faulty Oxygen Equipment. Ted Atkins, an engineer and mountaineer, inspecting an oxygen cylinder for testing in Kathmandu last year.Illicitly recycled gear has fueled profits for some expedition companies for years. But after some harrowing failures, Nepal is taking action as Everest climbing season begins.",Sports
"Hurricanes Stay Alive Against the Capitals. Carolina beat Washington, 5-2, on Monday night to force Game 7 in their first-round playoff series.",Sports
"Bucks Sweep Pistons, Advancing to the Second Round for the First Time Since 2001. Detroit set an N.B.A. record with its 14th consecutive playoff loss, a skid that began in 2008.",Sports
"Test on Jacob deGrom’s Elbow Shows No Injury. The Mets’ Jacob deGrom in the dugout in St. Louis on Saturday, a day after the team put him on the injured list.Before the Mets defeated the Phillies on Monday, the team said DeGrom was set to come off the injured list and make his scheduled start on Friday.",Sports
"The Nets’ Joe Tsai Is Fined $35,000 for a Tweet About Officiating. Tsai, a part owner of the team, posted support for General Manager Sean Marks, who was suspended a game without pay and fined $25,000 for entering the referees’ locker room after Saturday’s loss.",Sports
N.H.L. Roundup: N.H.L. Playoffs: Sharks Win in 2nd Overtime to Force Game 7. Tomas Hertl after scoring a short-handed goal in the second overtime that gave the Sharks a victory against the Golden Knights on Sunday night.Tomas Hertl scored a short-handed goal to beat the Golden Knights. The Bruins defeated the Maple Leafs to set up another deciding game.,Sports
"Diary of a Song: Watch Lizzo Make ‘Juice,’ a Pop Anthem as Irresistible as She Is. How a flute-playing, twerking, social-media-dominating rapper and singer built a song that packs all her joy and charm into three danceable minutes.",Arts
"Displaced Artists Open a New Front at the Brooklyn Army Terminal. The skylight-enclosed atrium at the Brooklyn Army Terminal, where 100 artists have rented studio space.For those muscled out of studios across the city, ArtBuilt offers long leases, below-market rents and the mayor’s welcome.",Arts
"Review: Arthur Miller’s ‘All My Sons,’ With All Its Seams Showing. Annette Bening as Kate, the emotional center of Arthur Miller’s “All My Sons,” which is directed by Jack O’Brien.An old-fashioned, overliteral revival of the 1947 play stars Tracy Letts and Annette Bening.",Arts
"A Balanchine Muse and Star Returns to New York City Ballet. Suzanne Farrell, right, the originator of the lead role in Balanchine’s “Diamonds,” shows Sara Mearns a move at a New York City Ballet studio.Suzanne Farrell, who has a central place in Balanchine history, has been away from the company for 26 years. She came back to coach “Diamonds.”",Arts
"How Music Tells the Story in Opera’s Greatest Epic. (Headphones On.). Follow follow follow follow follow “Das Rheingold” road.In his “Ring” cycle, Wagner uses musical themes to create a world of gods, heroes, dwarves and giants.",Arts
"He Focuses the Eclecticism of La MaMa Moves!. The festival’s curator, Nicky Paraiso, talks about the festival’s theme — “Who am I? Who are you? Who are we?” — and his life in performance.",Arts
"‘Game of Thrones’: Jaime and Brienne ... Free to Love at Last?. OrderedDict([('br', [None, None]), ('#text', 'Nikolaj Coster-Waldau and Gwendoline Christie in “Game of Thrones.” “If they had met in happier times, he wouldn’t have spoken to her,” Christie said about their characters, Jaime and Brienne.')])Nikolaj Coster-Waldau and Gwendoline Christie talked about what their characters’ relationship might have been like had they met under different circumstances.",Arts
"Nonfiction: Turkey’s Killing Fields. In “The Thirty-Year Genocide,” the Israeli historians Benny Morris and Dror Ze’evi detail the slaughter of Turkey’s Christian minorities.",Arts
"Nonfiction: Anna Quindlen’s No. 1 Rule for Grandparents: Butt Out. In her new essay collection, “Nanaville,” the novelist and former Times columnist writes about what she’s learned since becoming a grandmother.",Arts
"Nonfiction: Cash, Jewels and Gold: The Tale of Britain’s Biggest Heist. Safety deposit boxes at the Hatton Garden Safe Deposit, in Hatton Garden, London in 2016.In “The Last Job,” Dan Bilefsky explores a famous London robbery that was masterminded by a 76-year-old pensioner.",Arts
Nonfiction: Dismantling the Myth of ‘The Heartland’. The new book by the historian Kristin L. Hoganson explodes conventional ideas about the Midwest as America’s “insulated core” — the wellspring of its values and identity.,Arts
"Michael Jackson Musical Creators: ‘We’re Not Judge and Jury’. A billboard for the planned Michael Jackson musical is already up on 44th Street in New York’s theater district.The playwright Lynn Nottage and the director-choreographer Christopher Wheeldon remain committed to the show, even after a damning documentary.",Arts
"SummerStage Will Have a New Feel This Season. A rendering of the City Parks Foundation’s SummerStage venue in Central Park, which has undergone a renovation ahead of the 2019 summer season.A $5.5 million renovation will be unveiled at the SummerStage festival, which will also have gender equity in its programming.",Arts
"Brothers Sue Jussie Smollett’s Lawyers, Saying Actor ‘Directed’ Staged Attack. Lawyers for Abimbola Osundairo, left, and Olabinjo Osundairo framed the lawsuit as a way of restoring their reputations.The brothers have struggled to find work since the episode involving Jussie Smollett, their lawyers say, and “deserve to have their reputations restored.”",Arts
"Poetry: In ‘Swift,’ David Baker’s Poetry Stitches the Fractured World Into Art. For almost 40 years, in the extreme suburbs and the diminishing countryside, Baker has worked to see and describe things as though for the first time.",Arts
Critic’s Pick: ‘Carmine Street Guitars’ Review: A Portrait of an Ax Meister. The Greenwich Village guitar shop at the heart of Ron Mann’s documentary is one the last redoubts of a fast-disappearing bohemian Manhattan.,Arts
"Ask a Showrunner: ‘Cobra Kai,’ YouTube’s ‘Karate Kid’ Update, Returns for Another Round. OrderedDict([('br', [None, None]), ('#text', 'In “Cobra Kai,” William Zabka’s Johnny Lawrence, center, heads up a new version of the titular dojo. With Jacob Bertrand, left, and Xolo Maridueña.')])The creators of “Cobra Kai,” which begins its second season on Wednesday, discuss the show and giving Johnny Lawrence the “Better Call Saul” treatment.",Arts
"How Lizzo Made a Song as Joyous as She Is. Watch how a flute-playing, twerking, social-media-dominating rapper and singer built a party song that packs all of her joy and charm into three danceable minutes.",Arts
"Lens: New York’s Photoville Is Coming to Los Angeles. Liana is singing a Spanish song that she has learned during her music courses in Spain. Bushehr, Iran. August 2018. From ""#ThisIs18,"" presented by The New York Times.The photography festival’s shipping containers will showcase projects focusing on L.A.’s homegrown talent, immigration and climate change.",Arts
"Best of Late Night: Trevor Noah Likens the Mueller Report to Maroon 5’s Tattooed Frontman. Suranne Jones in an episode of “Gentleman Jack.”“This document was covered in so much ink it looked like Adam Levine’s torso,” Noah joked on Monday. “Like one of the pages had nipples.”",Arts
What’s on TV Tuesday: ‘I Think You Should Leave’ and ‘1969’. Tim Robinson’s comedy show hits Netflix. And a documentary series recounts events that made 1969 so tumultuous.,Arts
"Review: Love Bites, Hard, in ‘The Pain of My Belligerence’. Bad romance: Halley Feiffer, as a magazine writer, and Hamish Linklater, as a restaurant owner, in Ms. Feiffer’s “The Pain of My Belligerence” at Playwrights Horizons.Halley Feiffer stars opposite Hamish Linklater in her new comedy of anguish, which begins with a memorably chilling first date.",Arts
Newsbook: 3 Books Explore Sri Lanka’s Past (Violent and Otherwise). Read about the country’s decades long civil war and its toll on the Sri Lankan people.,Arts
"‘Game of Thrones’: Who Is the Mad King, and Why Did Jaime Kill Him?. OrderedDict([('br', [None, None]), ('#text', 'Nikolaj Coster-Waldau as Jaime Lannister, widely known (and reviled) as the Kingslayer, in a scene from “Game of Thrones.”')])There’s more to the story than Jaime’s one murderous act. Call it a cautionary tale for any quick-to-burn Targaryen with a Lannister for a hand.",Arts
"Kanye West Performs New Song During ‘Sunday Service’ at Coachella. Kanye West was joined by dozens of others in his performance of a new song, “Water,” on Easter Sunday at the Coachella Valley Music and Arts Festival.",Arts
"Tiny Neighborhoods Sprout at the National Building Museum. A collector, David Weingarten, is donating 3,069 shrunken landmarks to the museum.",Arts
"Nonfiction: Two Early Presidents Who Questioned the Wisdom of ‘the People’. In “The Problem of Democracy,” Nancy Isenberg and Andrew Burstein show that John and John Quincy Adams were skeptical of popular democracy.",Arts
"Nonfiction: Pico Iyer Reflects on a Quarter-Century of Life in Japan. In “Autumn Light: Season of Fire and Farewells,” the noted journalist finds wisdom in the rituals and routines he shares with his Japanese wife.",Arts
"BTS Lands a Third No. 1 on the Album Chart in Less Than a Year. The K-pop boy band BTS reached No. 1 again, matching a feat achieved by the Beatles.The K-pop boy band reached the top of the Billboard 200 again with “Map of the Soul: Persona,” selling 196,000 full albums in addition to its 37 million streams.",Arts
"Books of The Times: In Ian McEwan’s Latest, a Ménage à Trois — Software Included. “Machines Like Me” imagines the relationship between a man, woman and lifelike robot in an alternative 1980s England.",Arts
"On YouTube, ‘Game of Thrones’ Superfans Prepare for the End. Lena Headey as Cersei Lannister in “Game of Thrones.”The HBO fantasy epic has inspired a universe of video commentators and dissectors online. Like other fans, they’re girding themselves for the end of their obsession.",Arts
Chasing Rembrandt’s Tulips on Two Wheels. The Keukenhof garden's annual exhibit of bulbs drew almost 1.5 million visitors last year.On a bike you can immerse yourself in the sights and smells of a world of blooms in the gardens and fields near the Dutch city of Leiden.,Arts
What’s on TV Monday: ‘Gentleman Jack’ and ‘Charm City’. A new series tells the true story of a woman who defied norms in 19th-century England. And a documentary about Baltimore airs on PBS.,Arts
"Live Review: At Coachella, the Gospel According to Kanye West. Kanye West performed atop a miniature mountain made specifically for his set at the Coachella Valley Music and Arts Festival on Easter Sunday.After a few of his most difficult years and a brief retreat from the spotlight, the rapper returned with Sunday Service — a performance of spiritual music where he rarely took center stage.",Arts
"‘Game of Thrones’: Florence and the Machine’s Frontwoman on That Haunting Closing Song. Florence Welch of Florence + the Machine during a performance in 2018.Florence Welch spoke about her feelings toward the song, and about the time she turned down a similar chance back before she was a “Thrones” fan.",Arts
"Billions: ‘Billions’ Season 4, Episode 6: Beat or Be Beaten. Paul Giamatti in a scene from “Billions.”On this show it often pays to be paranoid. The trouble is knowing which thing to be most paranoid about.",Arts
"Critic’s Pick: Review: Taylor Mac’s ‘Gary’ Finds Hope and Humor on a Pile of Corpses. Nathan Lane as the title character in Taylor Mac’s new play, “Gary: A Sequel to Titus Andronicus,” on Broadway.This comedic sequel to “Titus Andronicus” finds Nathan Lane and Kristine Nielsen cleaning up after a Shakespearean blood bath.",Arts
"‘Curse of La Llorona’ Is No. 1 as Box Office Braces for More ‘Avengers’. Roman Christou and Linda Cardellini in “The Curse of La Llorona,” which earned $26.5 million this weekend and beat analysts’ expectations.Fox’s faith-based “Breakthrough,” with Chrissy Metz as a mother who prays for her son’s seemingly impossible medical recovery, came in third.",Arts
"Critic’s Pick: Review: In ‘The Appointment,’ the Fetus Sings Out. From left, Jaime Maseda, Scott R. Sheppard, Katie Gould and Brenson Thomas as singing fetuses in the new musical “The Appointment.”This uncanny, phantasmagorical work from the Lightning Rod Special troupe is a musical cabaret about abortion. That’s right.",Arts
"5 Things About Your Book: An Undocumented Woman Struggles to Root Her Family in New York City. Melissa Rivero’s debut novel, “The Affairs of the Falcóns,” features a family that, like hers did, emigrates to New York from Peru.",Arts
"Michael Jackson Biographers Face History, and the Mirror. “Leaving Neverland” has several Michael Jackson biographers revising their books.After child molestation accusations of “Leaving Neverland,” books about the pop icon are already being rewritten. Who will have the last word?",Arts
"Critic’s Pick: Review: ‘Gentleman Jack’ Finds a Swaggering Woman in Want of a Wife. Suranne Jones in an episode of “Gentleman Jack.”Suranne Jones is a force of nature in a rollicking HBO period piece, created by Sally Wainwright.",Arts
"Nonfiction: That Man From Stratford. The actor David Garrick, against a bust of Shakespeare.“What Blest Genius?,” by Andrew McConnell Stott, and “Shakespeare’s Library,” by Stuart Kells, explore different facets of the history and mysteries of the playwright’s reputation.",Arts
"Nonfiction: A Former Marine Looks Back on Her Life in a Male-Dominated Military. Anuradha Bhagwati, 2011.Anuradha Bhagwati’s forceful memoir, “Unbecoming,” tackles sexual harassment, discrimination and the possibilities for redress for American servicewomen.",Arts
"The Week in Books. Robert A. Caro at his electric typewriter in 2001; Abby Wambach; an illustration by Mikel Jaso.Robert Caro, Abby Wambach, the Mueller report and more.",Arts
"What’s on TV Sunday: ‘Motown 60’ and ‘Book Club’. Smokey Robinson, left, and Cedric the Entertainer host “Motown 60.”CBS airs a concert celebrating Motown Records. And catch “Book Club,” with Jane Fonda, Candice Bergen, Diane Keaton and Mary Steenburgen, on Hulu.",Arts
"Jayne Wrightsman, Arts Benefactor and Doyenne of High Society, Dies at 99. Jayne Wrightsman, wearing a satin gown by Givenchy, on a Louis XV cut-velvet sofa in 1966. She died on Saturday at the age of 99.Mrs. Wrightsman, who had no formal training, became a connoisseur of 18th-century French art and a significant donor to the Metropolitan Museum of Art.",Arts
"Books of The Times: The Mueller Report: A Thorny, Patriotic Addition to a Curious American Bookshelf. Redacted pages from the Mueller report.Much of what’s in the report was already known, but our book critic says it still has “the power to shock and appall.”",Arts
That Decisive Moment: Our Favorite Piano: The Week in Classical Music. The pianist Mitsuko Uchida at Carnegie Hall in 2016. Ms. Uchida announced she would be postponing her April 30 Carnegie recital because of exhaustion; she is still scheduled to play at the hall on May 4.Efforts to convince friends to love the piano and George Crumb were among the highlights.,Arts
Nonfiction: ‘When Brooklyn Was Queer’ Evokes the Borough’s Hidden History. Hugh Ryan’s new account delves into colorful characters who frequented the area around the Brooklyn Navy Yard — a flourishing center of 19th-century queer life.,Arts
11 of Our Best Weekend Reads. The soul of France. Disappearing glaciers. The most chaotic place on the internet. Bauhaus at 100. And more.,Arts
"Nonfiction: A Young Poet, a Mysterious Stranger and an El Salvador on the Brink of War. Carolyn Forché’s “What You Have Heard Is True” recalls her 1970s journey in the company of a revolutionary who wants her to bear witness to his country’s terror and bloodshed.",Arts
"carry on: What Andrew Bolton Can’t Travel Without. The curator oversees the fashion exhibits that influence the annual Met Gala. He often travels internationally for research, and always carries a Moleskine notebook to jot down ideas.",Arts
"The Week in Arts: ‘Gentleman Jack,’ Bad Bunny and a Musical About Psychoanalysis. From left, Tiler Peck and Tyler Angle in “Herman Schmerman.”“Lady in the Dark,” a Weill-Gershwin-Hart theatrical collaboration from 1941, is revived at City Center by MasterVoices.",Arts
"Nonfiction: Why Did We Fight the Iraq War?. President George W. Bush with Condoleezza Rice, Dick Cheney, Donald Rumsfeld and Gen. Richard Myers in 2003.Michael J. Mazarr’s “Leap of Faith” argues that the tragedy was the result of a missionary impulse and wishful thinking.",Arts
"Warren Adler, ‘The War of the Roses’ Author, Is Dead at 91. Warren Adler in 1991. He found a niche writing about dysfunctional relationships, like that of Jonathan and Barbara Rose, the couple immersed in a domestic free-for-all in “The War of the Roses” (1981).A late-blooming novelist, he had his greatest success with a comedy about a couple in a domestic free-for-all. It became a hit movie.",Arts
"Podcast Review: Michael Lewis Enters the Podcasting Game With ‘Against the Rules’. Lewis’s seven-part series examines our relationship to authority and to regulation — our mistrust of them and, in some cases, our full-throated hostility toward them.",Arts
What They Left Behind: Legacies of the Recently Departed. Mr. Westcott was the only person authorized to carry a camera at the Oak Ridge facilities.Some gems from the life’s work of people remembered in obituaries in The New York Times.,Arts
City Ballet Ordered to Reinstate Male Dancers Fired Over Inappropriate Texts. Amar Ramasar with Sara Mearns in the premiere of Justin Peck’s “Rodeo” in 2015. Mr. Ramasar will return to the company as a principal after receiving mandatory counseling.An arbitrator ruled that City Ballet overstepped by firing Zachary Catazaro and Amar Ramasar. Mr. Ramasar will return; Mr. Catazaro has decided not to.,Arts
Popcast: Is Billie Eilish the Future of Pop?. The 17-year-old musician has been revising the rules of young stardom. But she may be more of a classicist than her aesthetic would suggest.,Arts
